INSERT INTO "charts" VALUES('b1234','a1234','2016-10-16 19:00:00','2016-10-17 19:00:00');
INSERT INTO "charts" VALUES('b1235','a1235','2016-10-16 19:00:00','');
INSERT INTO "charts" VALUES('b1236','a1236','2016-10-16 19:00:00','');
INSERT INTO "diagnoses" VALUES('a1236','b1236','0','2016-10-27 10:19:00','diagnoses1');
INSERT INTO "diagnoses" VALUES('a1234','b1234','1','2016-10-28 10:20:00','diagnoses2');
INSERT INTO "drugs" VALUES('tylenol','pain relief');
INSERT INTO "drugs" VALUES('moltrin','pain relief');
INSERT INTO "inferredallergies" VALUES('tylenol','tums');
INSERT INTO "medications" VALUES('a1236','b1236','0','2016-10-27 11:55:00','2016-10-28','2016-11-28',10,'tylenol');
INSERT INTO "medications" VALUES('a1236','b1236','0','2015-10-27 11:21:00','2015-10-28','2015-11-28',10,'tylenol');
INSERT INTO "medications" VALUES('a1235','b1235','0','2016-10-27 01:21:00','2016-10-28','2016-11-28',10,'tylenol');
INSERT INTO "medications" VALUES('a1234','b1234','0','2016-10-28 11:23:00','2016-10-29','2016-11-29',5,'moltrin');
INSERT INTO "medications" VALUES('a1236','b1236','1','2016-10-27 11:20:00','2016-10-28','2016-11-28',10,'moltrin');
INSERT INTO "patients" VALUES('a1234','Kelly','18-21','West, Edmonton','780-123-4567','780-911-1234');
INSERT INTO "patients" VALUES('a1235','Jessica','18-21','West1, Edmonton','780-123-4568','780-911-1235');
INSERT INTO "patients" VALUES('a1236','Calvin','18-21','South, Edmonton','403-123-4567','403-911-4567');
INSERT INTO "reportedallergies" VALUES('a1234','tylenol');
INSERT INTO "reportedallergies" VALUES('a1235','moltrin');
INSERT INTO "staff" VALUES('0','D','House','House1','d63dc919e201d7bc4c825630d2cf25fdc93d4b2f0d46706d29038d01');
INSERT INTO "staff" VALUES('1','D','Strange','Strange1','d63dc919e201d7bc4c825630d2cf25fdc93d4b2f0d46706d29038d01');
